791,socialblade.com
3657,socialbakers.com
3845,seg-social.gob.es
4760,seg-social.es
11113,seg-social.pt
11756,stacksocial.com
12268,cronacasocial.com
12981,socialdate.me
13344,boxingsocialist.com
14882,ultimatelysocial.com
15169,socialpilot.co
15841,social-dog.net
17224,activate.social
17836,mysocialshortcut.com
18099,seosocialnews.info
18306,socialpiri.net
20023,socialhead.io
22691,mrsocial.marketing
22781,legisocial.fr
23338,socialarks.com
24480,socialmediaexaminer.com
25947,mastodon.social
26330,vjpromosocial.com
27582,ministeriodesarrollosocial.gob.cl
29095,livingsocial.com
32396,skedsocial.com
33936,embedsocial.com
34502,socialbee.io
34993,latelysocial.com
35539,social-gator.com
36540,socialflare.co
37871,socialhacking.pw
38008,payingsocialmediajobs.com
39994,socialsmbs.com
41825,revive.social
42648,registrosocial.gob.cl
43095,mysocialpet.it
43799,social-scout.com
44008,alpssocial.com
44269,esocial.gov.br
44457,socialsamosa.com
45740,socialsecurity.be
46700,socialservice.or.kr
46871,zcore.social
46957,dailysocial.id
47295,socialsharingplugin.com
47848,ibanonsocial.com
47918,socialpanel24.com
48005,socialbulkmarket.com
49765,mpsocial.com
49812,socialbookmarknow.info
50099,socialdownloadr.com
50546,socialmentedigital.es
52828,sproutsocial.com
53579,socialadscout.com
53879,antisocialsocialclub.com
54219,bancocajasocial.com
54324,socialtables.com
55034,geno.social
59560,promosocialjp.com
61143,socialancer.com
61954,socialmediatoday.com
62794,flashsocial.net
63704,socialcaptain.com
63895,socialeletromax.com
65020,tarjetasocialuniversal.es
66901,socialpubli.com
67157,citiesocial.com
67417,socialmediainuk.com
67824,socialfollow.co
68495,socialadr.com
68796,socialworldpanel.com
68892,socialsecurityintelligence.com
69383,newsocialbooks.com
69464,socialtradia.com
70545,socialmarketing.vip
71177,socialmediamastery.com
71241,socialnetworkadsinfo.com
72127,socialgraphgame.com
72128,socialmkt.co.kr
72433,socialwider.com
72519,socialbookmarkiseasy.info
72678,prosperidadsocial.gov.co
72963,socialmention.com
73127,socialking.in
74207,socialmedier.com
74467,shiprocket.social
75178,socialnewpages.com
75310,socialnews.xyz
75588,socialdeal.nl
77172,socialnewpagessearch.com
77485,africansocialfund.com
78441,sivansocial.com
78465,socialproofo.com
78783,najasocial.com
79896,socialsubmissionengine.com
80730,social-searcher.com
80802,livingsocial.ie
81204,socialix.com
81537,socialbeat.in
82214,socialsignalscheck.com
82261,eco-socialistsofazerbaijan.blogspot.com
83625,socialoomph.com
84520,socialcurator.com
85852,searchinsocial.com
87057,socialmonster.net
87513,socialbar.net
89860,socialtalent.com
90038,socialinsider.io
90490,socialbookmarkingseo.com
94387,socialgeek.co
94980,thesocialtoday.com
95060,tsu.social
95707,affasocial.com
95914,socialarmy.co
95928,gsm-social.com
97599,socialengine.com
98245,socialflow.com
98423,socialpoint.es
99750,socialistul.ro
99960,socialbookmarkzone.info
100423,socialstyrelsen.se
100650,feedthemsocial.com
100979,socialwizards.com
102001,socialstatuspgh.com
105191,justsocialpanel.com
105224,socialmediastore.net
105328,socialtools.ru
105563,socialnetlink.org
105809,a1socialbookmarking.xyz
105949,alphamodasocial.com.br
106342,brasilsocialmedia.com
109334,socialgram.com.br
109335,socializers.digital
109336,socialman.net
109337,socialmovementtechnologies.org
109338,socialstar.com.br
109686,turbosocial.com.br
110393,socialbuddy.com
110395,wt.social
110450,governmentsocialmedia.com
110743,socialbluebook.com
111113,dishitoutsocial.com
112554,treefrogsocial.com
113578,socialdown.com
114231,opensocialfactory.com
114246,socialmaximizer.com
114736,socialprotection.org
115087,socialkingpanel.com
115177,shareyoursocial.com
115578,socialpolicy.gr
115782,socialstreets.shop
116560,socialbookmarkssite.com
117336,boomsocial.com
118078,mivasocial.com
118557,social4retail.com
119495,socialcreditvue.com
120588,slayingsocial.com
121360,pewsocialtrends.org
121782,news4social.com
121850,konnect.social
122511,sortingsocial.com
122521,socialcreditu.com
123259,socialanimal.com
123289,socialmediatoolkit.dev
123726,desarrollosocialyfamilia.gob.cl
125954,socialmediaexplorer.com
127010,socialcatfish.com
127164,seminolesocialcasino.com
127224,topdogsocialmedia.com
127820,bsocialbookmarking.info
128476,marketingenredesociales.com
130525,socialwebmarks.com
131497,gidsocial.ru
132497,scion-social.com
132788,mlmsocial.com
133004,thesocialmart.com
133405,socialleadfreak.com
133538,socialwebsuite.com
134605,anonsocial.org
135629,socialworkdegreeguide.com
136990,blue.social
137483,socialitelife.com
137730,action-sociale.org
138017,gosocialagent.com
138899,socialinmedia.com
139239,socialtournaments.com
140803,socialrabbitplugin.com
140905,socialsalemachine.com
144729,yusocial.com
144785,getsocialpr.com
145189,socialprotection.go.ug
145190,socialwatch.org
145866,pillowfort.social
145976,sociallybrowse.com
146920,feversocial.com
147541,socialnomics.net
147974,socialkade.ir
148438,socialtt.org
148893,h-socialproof.com
149007,alamedasocialservices.org
149852,qtellsocialnet.com
150031,sugarloafsocialclub.com
150556,socialbounty.co
150771,opensource-socialnetwork.org
151935,lutapelosocialismo.org.br
152044,speakoutsocialists.org
152095,wojdylosocialmedia.com
152169,socialstudies.ru
153049,suite.social
153073,birksocial.com
154062,diysocialmediahub.com
155087,socialsabotage.org
155088,socialserve.com
155840,getsocialking.com
156095,social-key.com
156096,socialjustice.nic.in
156462,mavsocial.com
156611,phpsocial.com
157190,social.gov.tn
158312,sociallysorted.com.au
158313,socialnetworkelite.com
158314,socialsharepreview.com
158615,inosocial.com
160452,finances.social
160706,tuffsocial.com
161078,socialism.org.tw
161339,buysocialmediamarketing.com
161354,1st-social.com
162586,iuomsocial.com
163633,socialfabric.us
163634,socialmonitor.io
163863,thesociallife.com
164283,habilidadsocial.com
165291,social-discovery.io
165625,freesocialmediatrends.com
165647,psychosocial.com
167715,socialbu.com
167727,sunnysidesocialmedia.com
168305,conversocial.com
168799,thundersocialbookmarking.com
169658,derechoycambiosocial.com
169667,desiresocial.com
170844,ready4social.com
172124,previsionsocial.gob.cl
172452,socialmediapymes.com
173093,deep.social
173268,socialflue.com
177993,socialanxietysupportcenter.com
177994,sociallab.store
177995,socialmethod.com
179361,socialmediamanagerschool.com
180454,socialworktoday.com
181386,socialsatish.com
182301,allsocial.com
182697,sociality.io
185196,getsocialx.com
185271,oursocialplanet.com
185552,thesocialms.com
186625,recitesocial.com
186656,socialmedianz.com
187056,strikesocial.com
187155,blazingsocial.com
189246,socialblabla.com
189656,propsocial.my
191778,fbsocialnetwork.com
192442,snksocialfame.com
192444,socialh.com
192445,socialmediaweek.org
192453,spandigitsocial.com
192647,webeesocial.com
193159,amyhowardsocial.com
199760,socialforming.com
199761,socialinfo.co
199762,socialistra.org
199763,sociallabmarketing.com
199764,socialworklicensure.org
202050,socialscript.com
202051,socialsloths.com
203042,socialsurveys.io
203238,hotinsocialmedia.com
203282,socialiteproviders.netlify.app
203626,socialmedia99.com
204765,socialfaim.com
204766,socialnetworking.solutions
205423,socialkickstart.io
207421,rethinksocialmedia.com
207509,socialfy.pw
208989,socialache.com
208990,socialwebtech.com
209992,getleadsonsocial.com
210803,social-lab.cc
210910,techsocialnet.com
211560,socialthung.com
211758,socialnicole.com
211759,socialreport.com
211869,socialkyte.com
212010,aredessociales.com
212979,socialadsuccess.com
214270,getsocial.io
214697,social-and-safe.myshopify.com
215802,socialtriggers.com
216058,websearchsocial.com
217373,socialcrypto.info
218411,booksocial.16mb.com
219849,social-benefit.ru
220289,catalog-social.ru
220876,lalasocialclub.co
221252,thesocialist.org.au
221948,socialception.shop
222822,socialnature.com
223800,bitcoinsocial.com
224219,gramsocial.xyz
225017,socialfrontier.com
225018,socialpulsar.in
225548,msocialsciences.com
226128,socialtradertools.com
226579,bogotasocial.org
227553,socialebox.com
228185,social-contests.com
228348,yesocialmediaagency.com
230028,babasocial.com
230952,justsocialmedia.co.uk
231578,social-tribe.com
232328,bestsocial7.com
232955,gorillasocialwork.com
233097,huduma.social
234137,social-sutra.com
234138,socialdharma.in
234139,socialhandle.co.in
234140,socialnetworkreviews.com
234141,socialrus.com
234142,socialsalerep.com
234143,socialwall.me
234287,technsocial.com
234947,diariosocialrd.com
235601,socialab.com
235807,socialstats.info
236825,iransocial.net
237262,juegossocial.com
238654,amplifysocial.media
239453,averagesocialite.com
240608,bmsocialside.com
242083,chicagosocial.com
244879,ecosocialisthorizons.com
247294,getip.social
247499,globalsocialmediamarketing.com
248400,healthydashofsocial.com
249092,human-connection.social
249303,icuc.social
250442,js-socials.com
252114,ltcsocialmark.com
252136,luckystrikesocial.com
254654,newyorksocialdiary.com
254837,noagendasocial.com
256140,peer.social
258525,rsfsocialfinance.org
260166,social-streams.com
260167,socialbicycles.com
260168,socialcapitalmarkets.net
260169,socialgoals.wordpress.com
260170,socialist.ca
260171,socialized.me
260172,socialmarketingwriting.com
260173,socialnewsdesk.com
260174,socialpaintball.com
260175,socialpotato.com
260176,socialprintstudio.com
260177,socialpronow.com
260178,socialproof.xyz
260179,socialsavvico.com
260180,socialspark.com
260181,socialtools.me
260182,socialveo.com
260183,socialworkpodcast.blogspot.com
260184,socialy-connect.com
260217,sohappy.social
260689,stat.social
261017,succeedsocially.com
262465,thesocialman.com
264842,weirdunsocializedhomeschoolers.com
265780,yoursocialplan.com
265824,yukosocial.com
267722,bkk.social
267849,wearesocial.com
268177,socialism.ru
270083,python-social-auth.readthedocs.io
270249,socialmedianews.com.au
270250,socialrcjubail.com
270585,180socialtech.com
271245,chloesocial.com
272947,mysocialpanda.com
273554,roundabout.social
273645,satsocial.com
273847,socialconnectedness.org
273848,socialgrowr.com
273849,socialgully.in
273850,socialraga.com
273851,socialtask.16mb.com
273852,socialworkmt.com
274626,yoyo.social
275241,socialesyfilosofiacomunerosii.blogspot.com
275291,viviendasdeinteressocial.info
279553,partylitesocialimagesfrench.ca
279868,socialtracker.io
281143,socialtakipci.com
281171,thesocialmediagrowth.com
281491,moosocial.com
283167,becomeasocialcelebrity.com
285296,socialeyeslashes.com
285297,socialgarden.com.au
285298,socialist-alliance.org
285299,socialjukebox.com
285300,socialmediaceosuccess.com
285558,thesocialcode.com.au
287689,rucesocial.com
293230,leadsocial.co.nz
293891,mrsocialkeeda.com
295474,search.social
295835,social-lab.eu
295836,socialache.in
295837,socialgist.com
295838,socialistrevolution.org
295839,socialmediaapp-43325.web.app
295840,socialsite.16mb.com
295841,socialstar.org
295842,socialtechy.com
295843,socialurl.esy.es
296535,thesocialmm.com
297331,womensocialcorner.com
298648,socialnotif.com
298710,profitsocial.com
299578,branders.social
299795,socialgest.net
303109,thekingstonsocial.com
303690,socialnw.esy.es
304000,domingosaviosociales8vo.blogspot.com
304165,mysocialmate.co
304361,socialhungari.ru
305566,micropolis-socialspace.blogspot.com
305760,socializemypet.gr
306446,socialsurf4u.com
307009,socialgamers.es
309619,social-apteka.ru
310532,socialmediaacademy.lk
310659,irsocial.net
311024,realpeople.social
311678,eventosocialescolombia.com
311905,isocialweb.agency
312524,socialesquintochile.blogspot.com
312611,teoriascomunicacionsocial.wordpress.com
312784,webysocialmedia.es
312906,social.radio.br
313780,mysocialnet.me
316428,socializeagency.com
317009,socialpanel.org
317219,mstdn.social
317346,socialbearing.com
317985,ad-social.org
318211,autosocialbots.com
321440,socialtipster.co
322730,social24.shop
324677,socialgi.info
324904,socialmmpro.com
326533,anti-socialbehaviourcom.blogspot.com
327100,at.social
328062,bigcat.social
328625,booktropoloussocial.com
329787,cincsocial.com.au
331372,denimsocial.com
334355,freesocial.co.in
334372,freewaysocial.com
335068,gisocial.in
337466,indiansocialtrend.com
343559,onsocialengine.com
344416,piercesocial.com
345252,publicsocialbookmark.com
347220,seeksocial.co.uk
347339,seosocialbookmark.ml
347946,sisonlinesocial.com
348278,social-india.com
348279,social-media-kings.com
348280,social-media.co.uk
348281,socialable.co.uk
348282,socialblockchain.info
348283,socialbookgrading.com
348284,socialbookmarkingacademy.com
348285,socialbookmarkingcenter.com
348286,socialbookmarkingexpert.com
348287,socialbookmarkingguide.com
348288,socialbookmarkingmart.com
348289,socialbookmarkingsites.co
348290,socialbookmarkingsitesentertainment.blogspot.com
348291,socialbookmarkingspace.com
348292,socialbookmarkingsubmissionsiteslist.com
348293,socialbookmarkngs.com
348294,socialciphergame.com
348295,socialcliff.com
348296,socialclu.com
348297,socialcoasting.com
348298,socialcops.netlify.app
348299,socialdraft.com
348300,socialdribbler.com
348301,socialengineindia.com
348302,socialgumti.com
348303,socialiser.eu
348304,socialjacker.com
348305,socialjusticehry.gov.in
348306,socialkitchen.in
348307,sociallabmarketing.lpages.co
348308,sociallinkgenerator.com
348309,sociallyin.com
348310,socialmaharaj.com
348311,socialmako.com
348312,socialmediahound.com
348313,socialmedialasopa850.weebly.com
348314,socialmediapro.com
348315,socialmobile.com
348316,socialmood.com
348317,socialmouths.com
348318,socialnerd.in
348319,socialnoor.com
348320,socialproto.com
348321,socialpulsar.com
348322,socialsavvys.com
348323,socialsell.com.br
348324,socialservicesindia.com
348325,socialsneaker.com
348326,socialsocial.social
348327,socialtextjournal.org
348328,socialworkfootprints.org
348329,socialworklicensemap.com
348330,socialzog.com
348607,sphere.social
348910,statusforsocialmedia.com
350722,thesocialmediahat.com
350723,thesocialpace.com
351155,topperssocialscience.blogspot.com
353290,wicked-social.com
353953,youngsocialinnovators.ie
355621,socialstore.site
356408,impactosocialconsultores.com
356982,thesocialmediafamily.com
359198,socialwebenterprises.com
360043,socialbakery.info
363046,instantsocialgrowth.com
364461,playmesocial.com
365222,social321.com
365223,socialannex.com
365224,socialdefender.com
365225,sociallymynt.com
365226,socialmedia55.com
365650,thesocialmansys.com
366807,socialgame.live
367993,pro4social.com
368006,rhythmsocial.co.il
368532,athenssocialatlas.gr
369455,hellenicnationalsocialistfound.blogspot.com
374256,socialboss.org
374257,socialnews.esy.es
374962,socialagencyinc.com
378250,socialkit.ru
378251,socialpost.ru
378252,socialtutors.ru
379286,socialsend.net
379908,socialapps.tech
379940,sociall.media
380915,socialmedia.am
381380,growsocialmedia.shop
382309,anothersocialpanel.com
382472,buysocialfollowers.uk
382473,buzzigosocial.com
383314,nusocialimc.blogspot.com
383639,socialist.net
384685,socialeurope.eu
386124,yo-social.com
386220,bsocialshine.com
387519,socialpeople.top
387892,socialfix.com
388112,proyectodeintegracionsocial.wordpress.com
390769,getsocial.im
391491,sociallead.net
394714,like-social.net
396067,social-sign-in.myshopify.com
396068,socialmediadaysummit.com
396974,social-invest.org
397939,defacto.social
398324,isocialfanz.com
398457,marinasocialdubai.com
398835,socialmediaanswers.info
398836,socialmediastrategiessummit.com
401246,socialworker.com
403521,boost-social-media.com
403522,boostsocialmedia.com.au
403787,getopensocial.com
404405,social-media-boost.com
404406,socialboost.co.il
404407,socialwick.com
404781,qasocial.pw
405217,socialvps.net
406352,socialbooster.me
407367,psicosocial.net
409466,socialexchange.page.tl
409467,socialfllow.com
409468,sociall.io
409824,aladdin.social
409968,scie-socialcareonline.org.uk
409982,socialpanel.pro
410195,socialwebcafe.com
410370,bestsocial.ir
412171,socialangakingwork.blogspot.com
412172,socialflyny.com
412173,socialmediafuze.com
412622,allsocialdownload.com
412878,harasocial.com
413217,socialbeat.vn
413218,socialbot.xyz
414817,wesocial.ir
416370,socialmonkee.com
418143,socialbook.io
419716,asocialmess.com
422335,justsocialmedia.wordpress.com
422860,mediasocialpro.com
423144,mysocialagency.com
424505,socialactions.com
424506,socialdemandmedia.com
424507,socialmediopolis.com
424508,socialnap.com
424509,socialnewstv.com
424510,socialpsychonline.com
424511,socialuploader.com
424804,teamup.social
427992,socialland.net
430388,sawasdeesocial.com
430567,socialsiam.com
435401,coronavirus-social.com
437526,wingnutsocial.com
439148,socialgalleryplugin.com
440357,socialchamp.io
441458,socialworkstud.ru
443071,socialscousers.com
444701,shespeakssocial.com
448370,social-card.ru
448371,socialbase.ru
448372,socialbus.ru
448373,socialhammer.com
453613,hellosocial.com.au
453719,hypemysocialnetwork.com
454764,newsocialbooks.wordpress.com
454949,pabst-socialmedia.com
455172,psocialessalesianas.org
455679,socialbookmarkingsitelists.ml
455680,socialbuildingz.com
455681,socialpsychology.org
455682,socialsystemengineering.wordpress.com
458180,socialand.com.tr
458181,socialus.pro
458627,socialbest.ir
460866,thesocialistrocks.de
465210,web20social.com
465464,irsocialmedia.com
466767,socialmediaportal.com
466768,socialshare.com
467514,socialbulk.org
467515,socialwork.ir
470636,socialmediaawardsturkey.com
472340,mouvementsocial.org
472404,socialmedianewtabsearch.com
477429,socialsizzle.herokuapp.com
477548,stimsocial.com
479345,socialbusinesstr.com
484591,jurnalsocialsecurity.com
488073,social-innovation.hitachi
488074,socialspy.info
488622,thesocialgrowth.com
490623,allsocial.ru
494745,ebaysocial.ru
507829,social-teacher.ucoz.ru
507830,socialjet.pro
507831,socialkirov.ru
507832,socialmart.ru
507833,socialoffice.ru
507834,socialphenomena.org
507835,socialposter.ru
513126,socialads.eu
513224,richsocialworker.com
516231,newssocial.org
517236,buysocialsignals.net
520772,socialistworkeronline.net
520773,socialseo.com
523421,socialia.net
524212,elevatesociallife.com
525037,social-media-optimization.com
525038,socialmediacodex.com
525903,agsocial.org
526967,easysocialfeed.com
527147,fbsports.social
527817,kksocials.com
528339,ntuitive.social
529062,social-datings.com
529063,socialbrothers.nl
529064,socialdasher.com
529065,socialnet.de
529066,socialprotection.gov.bd
531120,irsocialpanel.com
531521,mrsocial.in
532128,socialteh.com
532129,socialweb.ir
533310,socialmedee.mn
534218,nepalsocialtreks.com
538488,social-box.ir
538489,socialservices.ir
543386,chronosocial.com
546634,gamasocial.com
547795,hellosocialog.com
555643,socialhile.com
555644,socialmediamanager.ie
557128,trssocial.com
558153,waowsocialmedia.com
564810,amirsocial.com
568949,easysocialmarket.com
572327,irsocialpanel.ir
577240,persiansocial.ir
580056,socialfit.ir
580057,sociallens.ir
580058,socialmedia.ir
580059,socialo.net
580060,socialristip.blog.ir
584999,officialsocialseller.in
585209,socialenablers.co
585210,socialite-lighting.com
588468,psocialx.com
588690,social-sciences.ru
591762,d1-social.com
594993,social.gov.ma
594994,socialhacktools.com
594995,socialmedialink.com
594996,socialmediatools.eu
594997,socialwork2015.ir
597585,socialworkers.org
599381,socialnuts-eg.com
599396,thosesocialguys.com
601245,cienciassociales.edu.uy
607565,socialistii.md
607566,socialsizes.io
612066,socialmarketproslogin.com
612067,socialsaleslink.com
612737,socializerdubai.com
613360,economiesociala.net
613534,medinfo.social
614316,socialcampaigns.org
614317,socialgy.com
614318,socialsnap.com